{
  "iterations": 5000000,
  "num_runs": 5,
  "mono_thread": {
    "iterations": 5000000,
    "num_runs": 5,
    "times": [
      1.146364450454712,
      1.2053861618041992,
      0.9949679374694824,
      0.9896407127380371,
      0.9891648292541504
    ],
    "avg_time": 1.0651048183441163,
    "std_time": 0.10327497079453386,
    "min_time": 0.9891648292541504,
    "max_time": 1.2053861618041992
  },
  "multi_thread": [
    {
      "iterations": 5000000,
      "num_threads": 2,
      "num_runs": 5,
      "times": [
        1.0159385204315186,
        1.097141981124878,
        1.2494244575500488,
        1.7490158081054688,
        1.948838472366333
      ],
      "avg_time": 1.4120718479156493,
      "std_time": 0.4135838032266927,
      "min_time": 1.0159385204315186,
      "max_time": 1.948838472366333,
      "speedup": 0.7542851448503212,
      "efficiency": 0.3771425724251606
    },
    {
      "iterations": 5000000,
      "num_threads": 4,
      "num_runs": 5,
      "times": [
        1.2632315158843994,
        0.9844918251037598,
        0.9475219249725342,
        1.3991248607635498,
        1.1284992694854736
      ],
      "avg_time": 1.1445738792419433,
      "std_time": 0.1894663339121906,
      "min_time": 0.9475219249725342,
      "max_time": 1.3991248607635498,
      "speedup": 0.9305688672971816,
      "efficiency": 0.2326422168242954
    },
    {
      "iterations": 5000000,
      "num_threads": 8,
      "num_runs": 5,
      "times": [
        1.1081187725067139,
        1.0684058666229248,
        0.9683878421783447,
        1.1033222675323486,
        1.0145277976989746
      ],
      "avg_time": 1.0525525093078614,
      "std_time": 0.06009591662537785,
      "min_time": 0.9683878421783447,
      "max_time": 1.1081187725067139,
      "speedup": 1.0119255893888934,
      "efficiency": 0.12649069867361168
    }
  ]
}